Workbook

Sheet CO-PO Mapping
A1: Sanjivani Rural Educational Society’s
A2: SANJIVANI COLLEGE OF ENGINEERING
A3: (An Autonomous Institute)
A4: Kopargaon – 423 603, Maharashtra
A6: Academic Year | B6: Department of ________________Engineering | D6: ACAD-F-15C
A7: 2023-2024
A8: Sem | B8: CO-PO Mapping Articulation Matrix and Justification | D8: Rev Dated:
A9: ODD/ EVEN | D9: 22.1.2024
A10: NAME OF THE FACULTY
A11: CLASS / DIV
A12: YEAR / SEM
A13: COURSE CODE AND COURSE NAME
A15: CO | B15: Course Outcomes
A16: CO1
A17: CO2
A18: CO3
A19: CO4
A20: CO5
A21: CO6
A24: % Mapping | B24: Rubrics- Mapping Level
A25: Between 0 to 15 % | B25: 0
A26: Between 15% to 35% | B26: 1
A27: Between 36 to 65% | B27: 2
A28: More than 65% | B28: 3
B30: Define the own Performance Indicator based on AICTE Examination Reform Policy
A32: PO 1: Engineering knowledge: Apply the knowledge of mathematics, science, engineering fundamentals, and an engineering specialization for the solution of complex engineering problems.
A33: Competency | B33: Indicators | C33: CO1 | D33: CO2 | E33: CO3 | F33: CO4 | G33: CO5 | H33: CO6
A34: 1.1 Demonstrate competence in mathematical modelling | B34: 1.1.1 Apply mathematical techniques such as calculus, linear algebra, and statistics to solve problems
B35: 1.1.2 Apply advanced mathematical techniques to model and solve computer engineering problems
A36: 1.2 Demonstrate competence in basic sciences | B36: 1.2.1 Apply laws of natural science to an engineering problem | C36: Y | D36: Y | E36: Y | F36: Y | G36: Y | H36: Y
A37: 1.3 Demonstrate competence in engineering fundamentals | B37: 1.3.1 Apply fundamental engineering concepts to solve engineering problems | C37: Y | D37: Y | E37: Y | F37: Y | G37: Y | H37: Y
A38: 1.4 Demonstrate competence in specialized engineering knowledge to the program | B38: 1.4.1 Apply engineering concepts to solve Computer Science and Enginering engineering problems. | C38: Y | D38: Y | E38: Y | F38: Y | G38: Y | H38: Y
A39: Total Indicators | B39: 5 | C39: =COUNTIF(C33:C38,"=y") -> 3 | D39: =COUNTIF(D33:D38,"=y") -> 3 | E39: =COUNTIF(E33:E38,"=y") -> 3 | F39: =COUNTIF(F33:F38,"=y") -> 3 | G39: =COUNTIF(G33:G38,"=y") -> 3 | H39: =COUNTIF(H33:H38,"=y") -> 3
B40: % of Mapping | C40: =C39*100/B39 -> 60 | D40: =D39*100/5 -> 60 | E40: =E39*100/5 -> 60 | F40: =F39*100/5 -> 60 | G40: =G39*100/5 -> 60 | H40: =H39*100/5 -> 60
A41: PO1 | B41: Indicators | C41: =IF(C40>=65,"3",IF(C40>=36,"2",IF(C40>=15,"1",IF(C40<15,"0")))) -> 2 | D41: =IF(D40>=65,"3",IF(D40>=36,"2",IF(D40>=15,"1",IF(D40<15,"0")))) -> 2 | E41: =IF(E40>=65,"3",IF(E40>=36,"2",IF(E40>=15,"1",IF(E40<15,"0")))) -> 2 | F41: =IF(F40>=65,"3",IF(F40>=36,"2",IF(F40>=15,"1",IF(F40<15,"0")))) -> 2 | G41: =IF(G40>=65,"3",IF(G40>=36,"2",IF(G40>=15,"1",IF(G40<15,"0")))) -> 2 | H41: =IF(H40>=65,"3",IF(H40>=36,"2",IF(H40>=15,"1",IF(H40<15,"0")))) -> 2
A42: PO 2: Problem analysis: Identify, formulate, research literature, and analyse complex engineering problems reaching substantiated conclusions using first principles of mathematics, natural sciences, and engineering sciences.
A43: Competency | B43: Indicators | C43: CO1 | D43: CO2 | E43: CO3 | F43: CO4 | G43: CO5 | H43: CO6
A44: 2.1 Demonstrate an ability to identify and formulate complex engineering problem | B44: 2.1.1 Articulate problem statements and identify objectives | C44: Y | D44: Y | E44: Y | F44: Y | G44: Y | H44: Y
B45: 2.1.2 Identify engineering systems, variables, and parameters to solve the problems | C45: Y | D45: Y | E45: Y | F45: Y | G45: Y | H45: Y
B46: 2.1.3 Identify the mathematical, engineering and other relevant knowledge that applies to a given problem | C46: Y | D46: Y | E46: Y | F46: Y | G46: Y | H46: Y
A47: 2.2 Demonstrate an ability to formulate a solution plan and methodology for an engineering problem | B47: 2.2.1 Reframe complex problems into interconnected sub-problems | C47: Y | F47: Y | G47: Y | H47: Y
B48: 2.2.2 Identify, assemble and evaluate information and resources. | C48: Y | D48: Y | E48: Y | F48: Y | G48: Y | H48: Y
B49: 2.2.3 Identify existing processes/solution methods for solving the problem, including forming justified approximations and assumptions | D49: Y | E49: Y | F49: Y
B50: 2.2.4 Compare and contrast alternative solution processes to select the best process. | C50: Y | D50: Y | E50: Y | F50: Y | G50: Y | H50: Y
A51: 2.3 Demonstrate an ability to formulate and interpret a model | B51: 2.3.1 Combine scientific principles and engineering concepts to formulate model/s (mathematical or otherwise) of a system or process that is appropriate in terms of applicability and required accuracy. | D51: Y | E51: Y | F51: Y | H51: Y
B52: 2.3.2 Identify assumptions (mathematical and physical) necessary to allow modeling of a system at the level of accuracy required. | C52: Y | D52: Y | E52: Y | F52: Y | G52: Y | H52: Y
A53: 2.4 Demonstrate an ability to execute a solution process and analyze results | B53: 2.4.1 Apply engineering mathematics and computations to solve mathematical models | D53: Y
B54: 2.4.2 Produce and validate results through skilful use of contemporary engineering tools and models | C54: Y | D54: Y | E54: Y | F54: Y | G54: Y | H54: Y
B55: 2.4.3 Identify sources of error in the solution process, and limitations of the solution. | C55: Y | D55: Y | E55: Y | F55: Y | G55: Y | H55: Y
B56: 2.4.4 Extract desired understanding and conclusions consistent with objectives and limitations of the analysis.
A57: Total Indicators | B57: 13 | C57: =COUNTIF(C44:C56,"=Y") -> 9 | D57: =COUNTIF(D44:D56,"=Y") -> 11 | E57: =COUNTIF(E44:E56,"=Y") -> 10 | F57: =COUNTIF(F44:F56,"=Y") -> 11 | G57: =COUNTIF(G44:G56,"=Y") -> 9 | H57: =COUNTIF(H44:H56,"=Y") -> 10
B58: % of Mapping | C58: =C57*100/B57 -> 69.230769 | D58: =D57*100/B57 -> 84.615385 | E58: =E57*100/B57 -> 76.923077 | F58: =F57*100/B57 -> 84.615385 | G58: =G57*100/B57 -> 69.230769 | H58: =H57*100/B57 -> 76.923077
A59: PO2 | B59: Indicators | C59: =IF(C58>=65,"3",IF(C58>=36,"2",IF(C58>=15,"1",IF(C58<15,"0")))) -> 3 | D59: =IF(D58>=65,"3",IF(D58>=36,"2",IF(D58>=15,"1",IF(D58<15,"0")))) -> 3 | E59: =IF(E58>=65,"3",IF(E58>=36,"2",IF(E58>=15,"1",IF(E58<15,"0")))) -> 3 | F59: =IF(F58>=65,"3",IF(F58>=36,"2",IF(F58>=15,"1",IF(F58<15,"0")))) -> 3 | G59: =IF(G58>=65,"3",IF(G58>=36,"2",IF(G58>=15,"1",IF(G58<15,"0")))) -> 3 | H59: =IF(H58>=65,"3",IF(H58>=36,"2",IF(H58>=15,"1",IF(H58<15,"0")))) -> 3
A60: PO 3: Design/Development of Solutions: Design solutions for complex engineering problems and design system components or processes that meet the specified needs with appropriate consideration for public health and safety, and cultural, societal, and environmental considerations.
A61: Competency | B61: Indicators | C61: CO1 | D61: CO2 | E61: CO3 | F61: CO4 | G61: CO5 | H61: CO6
A62: 3.1 Demonstrate an ability to define a complex/ open-ended problem in engineering terms | B62: 3.1.1 Recognize that need analysis is key to good problem definition | C62: Y | D62: Y | E62: Y | F62: Y | G62: Y | H62: Y
B63: 3.1.2 Elicit and document, engineering requirements from stakeholders | C63: Y | D63: Y | E63: Y | H63: Y
B64: 3.1.3 Synthesize engineering requirements from a review of the state-of-the-art
B65: 3.1.4 Extract engineering requirements from relevant engineering Codes and Standards such as IEEE, ISTE, IE(I), IEC, NEC and NEFA. | C65: Y
B66: 3.1.5 Explore and synthesize engineering requirements considering health, safety risks, environmental, cultural and societal issues
B67: 3.1.6 Determine design objectives, functional requirements and arrive at specifications | C67: Y
A68: 3.2 Demonstrate an ability to generate a diverse set of alternative design solutions | B68: 3.2.1 Apply formal idea generation tools to develop multiple engineering design solutions | D68: Y | E68: Y | F68: Y
B69: 3.2.2 Build models/prototypes to develop a diverse set of design solutions | D69: Y | E69: Y | F69: Y | G69: Y
B70: 3.2.3 Identify suitable criteria for the evaluation of alternate design solutions | D70: Y | F70: Y | G70: Y | H70: Y
A71: 3.3 Demonstrate an ability to select an optimal design scheme for further development | B71: 3.3.1 Apply formal decision-making tools to select optimal engineering design solutions for further development
B72: 3.3.2 Consult with domain experts and stakeholders to select candidate engineering design solution for further development
A73: 3.4 Demonstrate an ability to advance an engineering design to defined end state | B73: 3.4.1 Refine a conceptual design into a detailed design within the existing constraints (of the resources)
B74: 3.4.2 Generate information through appropriate tests to improve or revise the design
A75: Total Indicators | B75: 13 | C75: =COUNTIF(C62:C74,"=y") -> 4 | D75: =COUNTIF(D62:D74,"=y") -> 5 | E75: =COUNTIF(E62:E74,"=y") -> 4 | F75: =COUNTIF(F62:F74,"=y") -> 4 | G75: =COUNTIF(G62:G74,"=y") -> 3 | H75: =COUNTIF(H62:H74,"=y") -> 3
B76: % of Mapping | C76: =C75*100/13 -> 30.769231 | D76: =D75*100/13 -> 38.461538 | E76: =E75*100/13 -> 30.769231 | F76: =F75*100/13 -> 30.769231 | G76: =G75*100/13 -> 23.076923 | H76: =H75*100/13 -> 23.076923
A77: PO3 | B77: Indicators | C77: =IF(C76>=65,"3",IF(C76>=36,"2",IF(C76>=15,"1",IF(C76<15,"0")))) -> 1 | D77: =IF(D76>=65,"3",IF(D76>=36,"2",IF(D76>=15,"1",IF(D76<15,"0")))) -> 2 | E77: =IF(E76>=65,"3",IF(E76>=36,"2",IF(E76>=15,"1",IF(E76<15,"0")))) -> 1 | F77: =IF(F76>=65,"3",IF(F76>=36,"2",IF(F76>=15,"1",IF(F76<15,"0")))) -> 1 | G77: =IF(G76>=65,"3",IF(G76>=36,"2",IF(G76>=15,"1",IF(G76<15,"0")))) -> 1 | H77: =IF(H76>=65,"3",IF(H76>=36,"2",IF(H76>=15,"1",IF(H76<15,"0")))) -> 1
A78: PO 4: Conduct investigations of complex problems: Use research-based knowledge and research methods including design of experiments, analysis and interpretation of data, and synthesis of the information to provide valid conclusions.
A79: Competency | B79: Indicators | C79: CO1 | D79: CO2 | E79: CO3 | F79: CO4 | G79: CO5 | H79: CO6
A80: 4.1 Demonstrate an ability to conduct investigations of technical issues consistent with their level of knowledge and understanding | B80: 4.1.1 Define a problem, its scope and importance for purposes of investigation | C80: Y | G80: Y
B81: 4.1.2 Examine the relevant methods, tools and techniques of experiment design, system calibration, data acquisition, analysis and presentation | D81: Y | E81: Y | F81: Y | G81: Y
B82: 4.1.3 Apply appropriate instrumentation and/or software tools to make measurements of physical quantities | D82: Y | G82: Y
B83: 4.1.4 Establish a relationship between measured data and underlying physical principles.
A84: 4.2 Demonstrate an ability to design experiments to solve open-ended problems | B84: 4.2.1 Design and develop an experimental approach, specify appropriate equipment and procedures
B85: 4.2.2 Understand the importance of the statistical design of experiments and choose an appropriate experimental design plan based on the study objectives
A86: 4.3 Demonstrate an ability to analyze data and reach a valid conclusion | B86: 4.3.1 Use appropriate procedures, tools and techniques to conduct experiments and collect data | D86: Y | E86: Y | F86: Y | G86: Y
B87: 4.3.2 Analyze data for trends and correlations, stating possible errors and limitations
B88: 4.3.3 Represent data (in tabular and/or graphical forms) so as to facilitate analysis and explanation of the data, and drawing of conclusions
B89: 4.3.4 Synthesize information and knowledge about the problem from the raw data to reach appropriate conclusions.
A90: Total Indicators | B90: 10 | C90: =COUNTIF(C80:C89,"=Y") -> 1 | D90: =COUNTIF(D80:D89,"=Y") -> 3 | E90: =COUNTIF(E80:E89,"=Y") -> 2 | F90: =COUNTIF(F80:F89,"=Y") -> 2 | G90: =COUNTIF(G80:G89,"=Y") -> 4 | H90: =COUNTIF(H80:H89,"=Y") -> 0
B91: % of Mapping | C91: =C90*100/10 -> 10 | D91: =D90*100/10 -> 30 | E91: =E90*100/10 -> 20 | F91: =F90*100/10 -> 20 | G91: =G90*100/10 -> 40 | H91: =H90*100/10 -> 0
A92: PO4 | B92: Indicators | C92: =IF(C91>=65,"3",IF(C91>=36,"2",IF(C91>=15,"1",IF(C91<15,"0")))) -> 0 | D92: =IF(D91>=65,"3",IF(D91>=36,"2",IF(D91>=15,"1",IF(D91<15,"0")))) -> 1 | E92: =IF(E91>=65,"3",IF(E91>=36,"2",IF(E91>=15,"1",IF(E91<15,"0")))) -> 1 | F92: =IF(F91>=65,"3",IF(F91>=36,"2",IF(F91>=15,"1",IF(F91<15,"0")))) -> 1 | G92: =IF(G91>=65,"3",IF(G91>=36,"2",IF(G91>=15,"1",IF(G91<15,"0")))) -> 2 | H92: =IF(H91>=65,"3",IF(H91>=36,"2",IF(H91>=15,"1",IF(H91<15,"0")))) -> 0
A93: PO 5: Modern tool usage: Create, select, and apply appropriate techniques, resources, and modern engineering and IT tools including prediction and modelling to complex engineering activities with an understanding of the limitations.
A94: Competency | B94: Indicators | C94: CO1 | D94: CO2 | E94: CO3 | F94: CO4 | G94: CO5 | H94: CO6
A95: 5.1 Demonstrate an ability to identify/ create modern engineering tools, techniques and resources | B95: 5.1.1 Identify modern engineering tools such as computer-aided drafting, modeling and analysis; techniques and resources for engineering activities | C95: Y | D95: Y | E95: Y | F95: Y | G95: Y | H95: Y
B96: 5.1.2 Create/adapt/modify/extend tools and techniques to solve engineering problems | C96: Y | D96: Y | E96: Y | F96: Y | G96: Y | H96: Y
A97: 5.2 Demonstrate an ability to select and apply discipline- specific tools, techniques and resources | B97: 5.2.1 Identify the strengths and limitations of tools for (i) acquiring information, (ii) modeling and simulating, (iii) monitoring system performance, and (iv) creating engineering designs.
B98: 5.2.2 Demonstrate proficiency in using discipline-specific tools
A99: 5.3 Demonstrate an ability to evaluate the suitability and limitations of tools used to solve an engineering problem | B99: 5.3.1 Discuss limitations and validate tools, techniques and resources
B100: 5.3.2 Verify the credibility of results from tool use with reference to the accuracy and limitations, and the assumptions inherent in their use.
A101: Total Indicators | B101: 6 | C101: =COUNTIF(C95:C100,"=Y") -> 2 | D101: =COUNTIF(D95:D100,"=Y") -> 2 | E101: =COUNTIF(E95:E100,"=Y") -> 2 | F101: =COUNTIF(F95:F100,"=Y") -> 2 | G101: =COUNTIF(G95:G100,"=Y") -> 2 | H101: =COUNTIF(H95:H100,"=Y") -> 2
B102: % of Mapping | C102: =C101*100/6 -> 33.333333 | D102: =D101*100/6 -> 33.333333 | E102: =E101*100/6 -> 33.333333 | F102: =F101*100/6 -> 33.333333 | G102: =G101*100/6 -> 33.333333 | H102: =H101*100/6 -> 33.333333
A103: PO5 | B103: Indicators | C103: =IF(C102>=65,"3",IF(C102>=36,"2",IF(C102>=15,"1",IF(C102<15,"0")))) -> 1 | D103: =IF(D102>=65,"3",IF(D102>=36,"2",IF(D102>=15,"1",IF(D102<15,"0")))) -> 1 | E103: =IF(E102>=65,"3",IF(E102>=36,"2",IF(E102>=15,"1",IF(E102<15,"0")))) -> 1 | F103: =IF(F102>=65,"3",IF(F102>=36,"2",IF(F102>=15,"1",IF(F102<15,"0")))) -> 1 | G103: =IF(G102>=65,"3",IF(G102>=36,"2",IF(G102>=15,"1",IF(G102<15,"0")))) -> 1 | H103: =IF(H102>=65,"3",IF(H102>=36,"2",IF(H102>=15,"1",IF(H102<15,"0")))) -> 1
A104: PO 6: The engineer and society: Apply reasoning informed by the contextual knowledge to assess societal, health, safety, legal, and cultural issues and the consequent responsibilities relevant to the professional engineering practice.
A105: Competency | B105: Indicators | C105: CO1 | D105: CO2 | E105: CO3 | F105: CO4 | G105: CO5 | H105: CO6
A106: 6.1 Demonstrate an ability to describe engineering roles in a broader context, e.g. pertaining to the environment, health, safety, legal and public welfare | B106: 6.1.1 Identify and describe various engineering roles; particularly as pertains to protection of the public and public interest at the global, regional and local level
...

Sheet CO-PO Atriculation Matrix(no)
A1: Sanjivani Rural Educational Society’s
A2: SANJIVANI COLLEGE OF ENGINEERING
A3: (An Autonomous Institution)
A4: Kopargaon – 423 603, Maharashtra
A5: Department of _______________________
N6: ACAD-F-15C
A7: CO-PO Mapping Articulation Matrix and Justification
A10: CO1 | B10: ='CO-PO Mapping'!B16:H16 -> 0
A11: CO2 | B11: ='CO-PO Mapping'!B17:H17 -> 0
A12: CO3 | B12: ='CO-PO Mapping'!B18:H18 -> 0
A13: CO4 | B13: ='CO-PO Mapping'!B19:H19 -> 0
A14: CO5 | B14: ='CO-PO Mapping'!B20:H20 -> 0
A15: CO6 | B15: ='CO-PO Mapping'!B21:H21 -> 0
A20: Mapping of Course Outcomes to Program Outcomes (POs) & Program Specific Outcomes (PSOs):
B21: PO1 | C21: PO2 | D21: PO3 | E21: PO4 | F21: PO5 | G21: PO6 | H21: PO7 | I21: PO8 | J21: PO9 | K21: PO10 | L21: PO11 | M21: PO12 | N21: PSO1 | O21: PSO2
A22: CO1 | B22: ='CO-PO Mapping'!C41 -> 2 | C22: ='CO-PO Mapping'!C59 -> 3 | D22: ='CO-PO Mapping'!C77 -> 1 | E22: ='CO-PO Mapping'!C92 -> 0 | F22: ='CO-PO Mapping'!C103 -> 1 | G22: ='CO-PO Mapping'!C110 -> 0 | H22: ='CO-PO Mapping'!C119 -> 0 | I22: ='CO-PO Mapping'!C127 -> 0 | J22: ='CO-PO Mapping'!C139 -> 0 | K22: ='CO-PO Mapping'!C151 -> 0 | L22: ='CO-PO Mapping'!C161 -> 0 | M22: ='CO-PO Mapping'!C172 -> 1 | N22: 2 | O22: 1
A23: CO2 | B23: ='CO-PO Mapping'!D41 -> 2 | C23: ='CO-PO Mapping'!D59 -> 3 | D23: ='CO-PO Mapping'!D77 -> 2 | E23: ='CO-PO Mapping'!D92 -> 1 | F23: ='CO-PO Mapping'!D103 -> 1 | G23: ='CO-PO Mapping'!D110 -> 0 | H23: ='CO-PO Mapping'!D119 -> 0 | I23: ='CO-PO Mapping'!D127 -> 0 | J23: ='CO-PO Mapping'!D139 -> 0 | K23: ='CO-PO Mapping'!D151 -> 0 | L23: ='CO-PO Mapping'!D161 -> 0 | M23: ='CO-PO Mapping'!D172 -> 1 | N23: 2 | O23: 1
A24: CO3 | B24: ='CO-PO Mapping'!E41 -> 2 | C24: ='CO-PO Mapping'!E59 -> 3 | D24: ='CO-PO Mapping'!E77 -> 1 | E24: ='CO-PO Mapping'!E92 -> 1 | F24: ='CO-PO Mapping'!E103 -> 1 | G24: ='CO-PO Mapping'!E110 -> 0 | H24: ='CO-PO Mapping'!E119 -> 0 | I24: ='CO-PO Mapping'!E127 -> 0 | J24: ='CO-PO Mapping'!E139 -> 0 | K24: ='CO-PO Mapping'!E151 -> 0 | L24: ='CO-PO Mapping'!E161 -> 0 | M24: ='CO-PO Mapping'!E172 -> 1 | N24: 2 | O24: 1
A25: CO4 | B25: ='CO-PO Mapping'!F41 -> 2 | C25: ='CO-PO Mapping'!F59 -> 3 | D25: ='CO-PO Mapping'!F77 -> 1 | E25: ='CO-PO Mapping'!F92 -> 1 | F25: ='CO-PO Mapping'!F103 -> 1 | G25: ='CO-PO Mapping'!F110 -> 0 | H25: ='CO-PO Mapping'!F119 -> 0 | I25: ='CO-PO Mapping'!F127 -> 0 | J25: ='CO-PO Mapping'!F139 -> 0 | K25: ='CO-PO Mapping'!F151 -> 0 | L25: ='CO-PO Mapping'!F161 -> 0 | M25: ='CO-PO Mapping'!F172 -> 1 | N25: 2 | O25: 1
A26: CO5 | B26: ='CO-PO Mapping'!G41 -> 2 | C26: ='CO-PO Mapping'!G59 -> 3 | D26: ='CO-PO Mapping'!G77 -> 1 | E26: ='CO-PO Mapping'!G92 -> 2 | F26: ='CO-PO Mapping'!G103 -> 1 | G26: ='CO-PO Mapping'!G110 -> 0 | H26: ='CO-PO Mapping'!G119 -> 0 | I26: ='CO-PO Mapping'!G127 -> 0 | J26: ='CO-PO Mapping'!G139 -> 0 | K26: ='CO-PO Mapping'!G151 -> 0 | L26: ='CO-PO Mapping'!G161 -> 0 | M26: ='CO-PO Mapping'!G172 -> 1 | N26: 2 | O26: 1
A27: CO6 | B27: ='CO-PO Mapping'!H41 -> 2 | C27: ='CO-PO Mapping'!H59 -> 3 | D27: ='CO-PO Mapping'!H77 -> 1 | E27: ='CO-PO Mapping'!H92 -> 0 | F27: ='CO-PO Mapping'!H103 -> 1 | G27: ='CO-PO Mapping'!H110 -> 0 | H27: ='CO-PO Mapping'!H119 -> 0 | I27: ='CO-PO Mapping'!H127 -> 0 | J27: ='CO-PO Mapping'!H139 -> 0 | K27: ='CO-PO Mapping'!H151 -> 0 | L27: ='CO-PO Mapping'!H161 -> 0 | M27: ='CO-PO Mapping'!H172 -> 1 | N27: 2 | O27: 1
B32: Course Faculty | I32: Course Coordinator | O32: HoD/EE
B33: (Name) | I33: (Name) | O33: (name)
